Name,Age,PAN Card Number,Aadhar Number,Mobile Number,CVV,Email,Address
Name2,57,PAN149204679,889912645725,8820149770,438,name2@example.com,Address test
Name3,45,PAN266651262,439044821355,7557087892,686,name3@example.com,Address 3
Name4,41,PAN972417439,397565234524,7751314824,676,name4@example.com,Address 4
Name5,28,PAN155962871,690102264425,9245229790,863,name5@example.com,Address 5
Name6,20,PAN498548959,153832905763,9508751804,434,name6@example.com,Address 6
Name7,65,PAN836265786,614436357396,7564744606,426,name7@example.com,Address 7
Name8,37,PAN366735591,907134813291,9035111636,305,name8@example.com,Address 8
Name9,28,PAN957854997,208916027101,9027448405,756,name9@example.com,Address 9
Name10,40,PAN292313865,946999711917,9207182176,212,name10@example.com,Address 10
